sample_id,notes,species,category,weight_mg,n2_area,percent_n,d15N,co2_area,percent_c,d13C,area
YH003,NA,coyote,coyote,1.018,98.5,11.74,8.23,154.7,55.08,-23.76,South Puget Sound
YH004,NA,coyote,coyote,1.248,143.6,13.96,7.07,168.4,48.78,-17.5,South Puget Sound
YH005,NA,coyote,coyote,1.308,150.9,13.99,9.37,180.8,49.88,-23.03,South Puget Sound
YH010,NA,coyote,coyote,0.479,45.7,11.6,8.35,70.1,52.74,-23.21,South Puget Sound
YH011,NA,coyote,coyote,1.294,127.9,11.98,7.34,194.1,53.93,-20.97,South Puget Sound
YH012,NA,coyote,coyote,0.848,90.9,13.01,7.42,116.6,49.38,-23.17,Snohomish County
YH014,NA,coyote,coyote,0.88,95.1,13.12,7.54,125.4,51.15,-23.61,Eastside
YH016,NA,coyote,coyote,1.15,134.5,14.19,8.35,161.1,50.2,-20.67,South Puget Sound
YH018,NA,coyote,coyote,0.845,97.8,14.05,7.38,118.5,50.17,-22.78,Eastside
YH019,NA,coyote,coyote,0.797,89.8,13.67,7.34,111.9,50.24,-22.95,Eastside
YH020,NA,coyote,coyote,1.461,168.2,13.98,9.01,204.2,49.84,-24.73,Skagit Valley
YH028,NA,coyote,coyote,1.177,134.7,13.91,6.76,165.3,50.01,-24.12,Whidbey Island
YH029,NA,coyote,coyote,1.371,161.3,14.28,6.89,190.6,49.42,-23.67,Whidbey Island
YH030,NA,coyote,coyote,1.24,147.8,14.48,7.72,169.3,48.48,-25.12,Whidbey Island
YH031,NA,coyote,coyote,1.07,127.5,14.44,7.13,147.1,48.79,-21.58,Eastside
YH032,NA,coyote,coyote,1.388,177.5,15.54,7.36,188.5,48.13,-19.59,Snohomish County
YH033,NA,coyote,coyote,1.467,178.4,14.77,7.07,200.7,48.41,-21.85,Eastside
YH034,NA,coyote,coyote,1.009,122.9,14.8,7.72,137.6,48.22,-24.31,Whidbey Island
YH035,NA,coyote,coyote,1.235,154.8,15.21,7.71,166.9,47.7,-22.17,Eastside
YH036,NA,coyote,coyote,1.234,154.1,15.17,7.08,174.4,49.83,-20.48,Snohomish County
YH038,NA,coyote,coyote,1.006,108,13.04,7.3,147.3,51.62,-23.21,Snohomish County
YH039,NA,coyote,coyote,1.09,126.2,14.07,9.12,152.9,49.51,-25.12,Whidbey Island
YH040,NA,coyote,coyote,1.482,171.8,14.13,9.12,210.9,50.18,-24.1,Whidbey Island
YH041,NA,coyote,coyote,0.837,91.6,13.37,6.72,117.2,49.46,-24.43,Whidbey Island
YH042,NA,coyote,coyote,1.368,153.7,13.69,6.69,193,49.82,-24.57,Whidbey Island
YH043,NA,coyote,coyote,1.387,170.1,14.94,6.56,189.9,48.33,-24.43,Whidbey Island
YH044,NA,coyote,coyote,1.374,147,13.05,8.3,207.5,53.26,-24.74,Skagit Valley
YH045,NA,coyote,coyote,0.849,98.8,14.18,11.16,120.2,49.93,-23.61,Whidbey Island
YH046,NA,coyote,coyote,0.901,102,13.81,7.38,123.9,48.54,-22.09,South Puget Sound
YH047,NA,coyote,coyote,0.909,107.4,14.42,7.07,124.8,48.47,-21.97,Skagit Valley
YH048,NA,coyote,coyote,0.671,76.4,13.91,8.53,90.9,47.84,-23.95,Whidbey Island
YH049,NA,coyote,coyote,0.948,112.5,14.48,6.68,128.9,47.97,-23.81,Whidbey Island
YH050,NA,coyote,coyote,1.385,167.8,14.81,9.45,193.6,49.27,-23.23,Whidbey Island
YH051,NA,coyote,coyote,1.337,156.7,14.3,7.12,187.2,49.34,-24.34,Skagit Valley
YH052,NA,coyote,coyote,1.46,176.1,14.75,9.38,202.1,48.74,-22.9,Whidbey Island
YH053,NA,coyote,coyote,1.43,171.9,14.71,7.5,197.4,48.55,-20.68,Seattle
YH054,NA,coyote,coyote,0.995,115.6,14.19,7.03,135.2,47.84,-25.62,Whidbey Island
YH055,NA,coyote,coyote,1.34,159.4,14.52,7.6,189.1,49.62,-21.24,Snohomish County
YH056,NA,coyote,coyote,1.192,126.7,12.99,8.38,173,50.96,-20.66,Snohomish County
YH057,NA,coyote,coyote,1.123,119.4,12.97,7.76,160.1,50.04,-21.29,Seattle
YH058,NA,coyote,coyote,1.218,133.4,13.38,6.66,174.8,50.38,-22.34,Eastside
YH059,NA,coyote,coyote,1.327,160.7,14.75,8.49,183.2,48.38,-24.34,Whidbey Island
YH061,NA,coyote,coyote,0.745,87.6,14.34,9.06,102.2,48.13,-23.31,Whidbey Island
YH063,NA,coyote,coyote,1.164,120.9,12.67,7.9,167.6,50.49,-22.1,Eastside
YH064,NA,coyote,coyote,1.329,157.6,14.48,8.41,189.8,50,-24.66,Whidbey Island
YH065,NA,coyote,coyote,1.198,132.2,13.45,7.75,177.2,51.78,-24.07,Whidbey Island
YH066,NA,coyote,coyote,1.343,148,13.39,7.65,189.7,49.41,-22.93,Eastside
YH067,NA,coyote,coyote,1.078,122.8,13.87,6.75,147.2,47.74,-22.1,Eastside
YH068,NA,coyote,coyote,1.3,159.7,14.95,6.81,179.9,48.33,-23.92,Whidbey Island
YH069,NA,coyote,coyote,0.586,69.5,14.46,7.47,80.4,47.98,-25.97,Skagit Valley
YH070,NA,coyote,coyote,1.129,126.7,13.66,7.17,164.2,50.8,-23.34,Snohomish County
YH073,NA,coyote,coyote,1.195,121.2,12.35,6.61,184.4,53.78,-23.04,Eastside
YH074,NA,coyote,coyote,1.312,145.6,13.51,8.07,191.1,50.72,-24.2,Whidbey Island
YH075,NA,coyote,coyote,0.978,107.1,13.3,7.17,142.7,50.82,-23.75,Snohomish County
YH076,NA,coyote,coyote,0.802,93,14.09,9.02,111.7,48.53,-20.86,Snohomish County
YH077,NA,coyote,coyote,1.31,159.4,14.78,6.92,177.3,47.09,-21.98,Snohomish County
YH078,NA,coyote,coyote,1.296,139.7,13.06,9.21,191.8,51.46,-22.75,Skagit Valley
YH079,NA,coyote,coyote,1.208,126.9,12.75,7.41,178.5,51.32,-25.44,Whidbey Island
YH080,NA,coyote,coyote,1.142,132.9,14.11,7.51,158.4,48.14,-20.53,Snohomish County
YH081,NA,coyote,coyote,1.113,127.7,13.92,7.28,157.8,49.23,-21.61,Snohomish County
YH082,NA,coyote,coyote,0.858,103.5,14.61,7.41,118.3,47.89,-25.3,Skagit Valley
YH084,NA,coyote,coyote,0.845,90.7,13.01,8.75,120.1,49.41,-24.93,Whidbey Island
YH085,NA,coyote,coyote,0.967,108.9,13.7,7.54,136.3,48.95,-22.25,Snohomish County
YH086,NA,coyote,coyote,0.822,93.1,13.78,8.76,113.7,47.99,-24.92,Whidbey Island
YH087,NA,coyote,coyote,0.8,84.6,12.84,6.75,117.4,50.95,-25.44,Whidbey Island
YH088,NA,coyote,coyote,0.647,73.9,13.89,8.53,91.9,49.35,-25.23,Whidbey Island
YH089,NA,coyote,coyote,0.908,94.3,12.62,8.33,132.5,50.66,-25.08,Whidbey Island
YH090,NA,coyote,coyote,0.908,82,10.97,8.65,145.3,55.5,-25.34,Whidbey Island
YH091,NA,coyote,coyote,1.294,143.5,13.5,6.47,181.2,48.51,-22.68,Snohomish County
YH092,NA,coyote,coyote,1.304,150.6,14.01,8.82,189.9,50.43,-24.17,Whidbey Island
YH095,NA,coyote,coyote,1.44,171.2,14.49,8.12,205.8,49.44,-24.45,Whidbey Island
YH096,NA,coyote,coyote,0.845,100.7,14.52,6.44,116.1,47.52,-25.01,Whidbey Island
YH097,NA,coyote,coyote,1.024,125.3,14.8,8.23,141.5,47.86,-22.71,Southside
YH098,NA,coyote,coyote,0.624,70.9,13.84,8.29,84.7,47.08,-24.35,Whidbey Island
YH099,NA,coyote,coyote,1.359,146.1,13.09,9.27,197.2,50.26,-25.35,Whidbey Island
YH100,NA,coyote,coyote,1.201,101.1,10.25,7.82,177.4,51.15,-23.84,Snohomish County
YH103,NA,coyote,coyote,1.262,141,13.63,7.93,177.5,48.71,-23.59,Whidbey Island
YH107,NA,coyote,coyote,0.826,95.5,14.1,7.18,113.7,47.7,-24.08,Whidbey Island
YH109,NA,coyote,coyote,1.235,143.5,14.16,7.77,170.9,47.9,-24.35,Whidbey Island
YH110,NA,coyote,coyote,1.147,134.3,14.26,6.58,160.4,48.38,-25.03,Whidbey Island
YH113,NA,coyote,coyote,0.847,89.1,12.78,7.3,121.4,49.59,-25.14,Whidbey Island
YH114,NA,coyote,coyote,0.839,96.5,14,7.57,120.8,49.86,-25.38,Whidbey Island
YH115,NA,coyote,coyote,1.062,125.7,14.43,9.18,145.9,47.53,-24.73,Whidbey Island
YH116,NA,coyote,coyote,0.735,81.6,13.51,6.71,104.7,49.31,-22.44,Whidbey Island
YH117,NA,coyote,coyote,1.393,157.8,13.78,7.39,197.4,49,-23.47,Whidbey Island
YH118,NA,coyote,coyote,0.962,110.9,14.03,7.85,129.6,46.6,-23.7,Whidbey Island
YH120,NA,coyote,coyote,1.109,113.4,12.45,6.16,160.9,50.14,-20.8,Snohomish County
YH123,NA,coyote,coyote,0.972,115.3,14.44,7.53,131.8,46.84,-21.8,Seattle
YH125,NA,coyote,coyote,0.675,80,14.42,9.23,90.8,46.5,-24.89,Whidbey Island
YH126,NA,coyote,coyote,0.621,69.7,13.68,7.89,85.5,47.58,-24.19,Whidbey Island
YH127,NA,coyote,coyote,1.118,133.5,14.52,7.02,154,47.59,-23.38,Whidbey Island
YH128,NA,coyote,coyote,1.346,167.8,15.16,7.99,185.6,47.56,-21.94,Whidbey Island
YH130,NA,coyote,coyote,0.614,76.6,15.19,6.75,84.2,47.34,-24.71,Whidbey Island
YH131,NA,coyote,coyote,1.032,101.9,12.02,6.66,155.3,51.88,-23.08,Eastside
YH132,NA,coyote,coyote,0.887,107.3,14.7,8.58,124.7,48.48,-21.6,Seattle
YH135,NA,coyote,coyote,1.052,126.3,14.54,6.48,146.9,48.15,-25.58,Whidbey Island
YH136,NA,coyote,coyote,1.324,144.2,13.22,8.15,196.9,51.22,-25.18,Whidbey Island
YH137,NA,coyote,coyote,0.711,73.1,12.49,6.87,86.9,42.13,-23.58,Snohomish County
YH138,NA,coyote,coyote,1.181,130.5,13.42,7.83,170.3,49.6,-24.62,Whidbey Island
YH139,NA,coyote,coyote,1.149,147.4,15.58,7.08,157.3,47.08,-23.46,Whidbey Island
YH140,NA,coyote,coyote,0.872,105.3,14.68,6.26,121.8,48.04,-23.19,Snohomish County
YH141,NA,coyote,coyote,0.827,103.3,15.12,7.37,116.1,48.27,-23.63,Whidbey Island
YH142,NA,coyote,coyote,1.135,138.9,14.83,7.38,158.5,47.96,-22.22,Snohomish County
YH143,NA,coyote,coyote,1.339,169.7,15.34,8.07,185.8,47.64,-22.73,Whidbey Island
YH147,NA,coyote,coyote,0.638,80.9,15.39,7.97,87.8,47.25,-21.19,Snohomish County
YH148,NA,coyote,coyote,1.1,138.6,15.26,7.35,151.6,47.29,-21.82,Snohomish County
YH151,NA,coyote,coyote,1.367,167.8,14.88,6.95,192.4,48.24,-20.48,Snohomish County
YH152,NA,coyote,coyote,1.09,116.6,12.96,7.47,162.5,51.09,-21.75,Eastside
YH158,NA,coyote,coyote,1.363,172.3,15.34,8.31,191.2,48.05,-20.42,Eastside
YH168,NA,coyote,coyote,0.765,85.9,13.64,7.5,112.3,50.26,-20.97,Snohomish County
YH169,NA,coyote,coyote,1.233,159,15.65,7.22,170.4,47.28,-21.28,Snohomish County
YH178,NA,coyote,coyote,1.043,138,16.04,7.01,168.5,55.25,-24.31,Seattle
YH187,NA,coyote,coyote,0.803,90.6,13.69,9.38,112.7,48.02,-22.26,South Puget Sound
YH207,NA,coyote,coyote,0.902,100.2,13.31,8.36,128.8,48.98,-24.75,Whidbey Island
YH208,NA,coyote,coyote,0.853,103,14.47,7.81,120.1,48.29,-22.08,Snohomish County
YH209,NA,coyote,coyote,1.006,126.3,15.06,8.38,135.2,46.1,-22.39,Snohomish County
YH210,NA,coyote,coyote,1.288,150.6,14.02,7.22,177.9,47.4,-24.47,Whidbey Island
YH211,NA,coyote,coyote,0.745,88.6,14.26,8.71,98,45.12,-24.65,Whidbey Island
YH212,NA,coyote,coyote,0.805,95.6,14.23,7.67,108.4,46.22,-22.05,Snohomish County
YH213,NA,coyote,coyote,1.199,148.4,14.84,9.38,163.7,46.85,-22.79,Whidbey Island
YH214,NA,coyote,coyote,0.916,114.1,14.93,8.88,124,46.43,-21.48,Whidbey Island
YH215,NA,coyote,coyote,1.093,128.6,14.1,7.73,152.7,47.92,-23.19,Whidbey Island
YH216,NA,coyote,coyote,0.993,114.5,13.82,8.46,143.1,49.46,-25.15,Whidbey Island
YH217,NA,coyote,coyote,1.212,143.3,14.18,6.96,165.3,46.81,-24.79,Whidbey Island
YH218,NA,coyote,coyote,0.982,109.1,13.32,8.3,143.8,50.23,-24.79,Whidbey Island
YH220,NA,coyote,coyote,0.925,121.9,15.8,7.73,128.7,47.73,-22.61,Snohomish County
YH222,NA,coyote,coyote,0.807,103.4,15.36,7.63,109.4,46.5,-22.98,Whidbey Island
YH223,NA,coyote,coyote,0.587,65.8,13.44,8.99,78.7,45.98,-21.56,Snohomish County
YH224,NA,coyote,coyote,0.945,107.4,13.62,8.51,129.5,47.03,-24.57,Whidbey Island
YH225,NA,coyote,coyote,0.776,91.1,14.08,7.49,104.8,46.35,-20.27,Snohomish County
YH233,NA,coyote,coyote,1.12,121.1,12.96,7.88,156.4,47.93,-23.95,Whidbey Island
YH234,NA,coyote,coyote,1.073,129.2,14.44,7.3,147.3,47.11,-25.75,Whidbey Island
YH235,NA,coyote,coyote,0.928,115.2,14.88,8.3,124.5,46.04,-23.19,Whidbey Island
YH236,NA,coyote,coyote,0.901,114.6,15.25,6.68,120.9,46.04,-24.36,Whidbey Island
YH242,NA,coyote,coyote,1.03,128,14.9,7.62,137.3,45.73,-23.48,Whidbey Island
YH243,NA,coyote,coyote,0.862,100.9,14.04,7.36,120.5,47.96,-23.98,Whidbey Island
YH244,NA,coyote,coyote,1.038,126.2,14.57,7.75,143.4,47.4,-21.71,Snohomish County
YH245,NA,coyote,coyote,0.956,115.9,14.53,9.76,132.5,47.55,-21.29,Whidbey Island
YH246,NA,coyote,coyote,0.827,85.3,12.37,8.13,118.1,49.01,-24.42,Whidbey Island
YH248,NA,coyote,coyote,1.17,143.9,14.75,7.81,162.2,47.56,-24.16,Whidbey Island
YH249,NA,coyote,coyote,0.808,93.1,13.82,8.96,108.2,45.96,-24.19,Whidbey Island
YH250,NA,coyote,coyote,0.904,104.9,13.91,7.5,127.5,48.41,-20.86,Snohomish County
YH251,NA,coyote,coyote,0.793,99.7,15.07,7.72,106.8,46.19,-21.7,Eastside
YH262,NA,coyote,coyote,1.049,127.8,14.6,7.11,145.1,47.47,-24.98,Skagit Valley
YH263,NA,coyote,coyote,1.059,130.9,14.81,6.48,145.9,47.27,-23.37,Snohomish County
